UTORiD,First Name,Last Name,Student Number,Email
alice1,Alice,Harrington,1001232131,alice.harrington@mail.utoronto.ca
bob1,Bob,Cheng,100235656,bob.cheng@mail.utoronto.ca
carol1,Carol Estrada,100564651,carol.estrada@mail.utoronto.ca
david1,David Tafliovich,10006565456,david.tafliovich@mail.utoronto.ca
eve,Eve Brestcher,1000654654,eve.brestcher@mail.utoronto.ca
frank1,Frank Pancer,1007654654,frank.pancer@mail.utoronto.ca
grace1,Grace Sans,10000897,grace.sans@mail.utoronto.ca
heidi1,Heidi Shroeder,100065203984,heidi.shroeder@mail.utoronto.ca