UTORiD,First Name,Last Name,Student Number,Email
zhaobo,Bo Zhao,10000001,bo.zhao@mail.utoronto.ca
kevingao,Kevin Gao,1000002,tianxiang.gao@mail.utoronto.ca
andrewan,Andrew Wang,10000003,andrewpy.wang@mail.utoronto.ca
vincentse,Vincent Tse,10000004,vincent.tse@mail.utoronto.ca